dataset,model,PR-AUC,ROC-AUC,Max F1,Max F1 Precision,Max F1 Recall,runtime,subsample,seed,n_trees,height,PR-AUC_std,ROC-AUC_std,Max F1_std,Max F1 Precision_std,Max F1 Recall_std,runtime_std,subsample_std,seed_std,n_trees_std,height_std
covertype,HST,0.14992824403304716,0.9087808820081967,0.21516801944052416,0.18628766776000782,0.2748088824171824,2736.0293968200685,500000.0,26.5,25.0,15.0,0.08934528417083985,0.036919471728075345,0.08205973999259432,0.08148003256538422,0.09362833979038648,13.380115338762863,0.0,3.0276503540974917,0.0,0.0
creditcard,HST,0.16647496393431196,0.9253001108497975,0.2729501738197425,0.3889018651358057,0.22052845528455284,2359.2278477430345,500000.0,26.5,25.0,15.0,0.04034135957330907,0.011068469623674802,0.04009861625871076,0.11326829808031336,0.03030281122669213,215.72395326254636,0.0,3.0276503540974917,0.0,0.0
shuttle,HST,0.7725915517236925,0.973069423443863,0.841542679826173,0.7776713199784614,0.920364568499003,459.50856099128725,500000.0,26.5,25.0,15.0,0.0755579926480754,0.004476050760180678,0.028026969367581055,0.055139276752001073,0.02303660837994243,46.658303947945356,0.0,3.0276503540974917,0.0,0.0
