dataset,model,PR-AUC,ROC-AUC,Max F1,Max F1 Precision,Max F1 Recall,runtime,subsample,seed,PR-AUC_std,ROC-AUC_std,Max F1_std,Max F1 Precision_std,Max F1 Recall_std,runtime_std,subsample_std,seed_std
covertype,Kit-Net,0.2053209327395073,0.9049046827541755,0.324617260533803,0.2585239533880017,0.436112122315253,80.22753312587739,500000.0,26.5,0.0,0.0,0.0,0.0,0.0,0.3476020026267179,0.0,3.0276503540974917
creditcard,Kit-Net,0.14095335293415664,0.9432182886009436,0.2618510158013544,0.29441624365482233,0.23577235772357724,550.2674771785736,500000.0,26.5,0.0,0.0,0.0,0.0,0.0,3.6059562772594567,0.0,3.0276503540974917
shuttle,Kit-Net,0.2594256678953348,0.803372289605621,0.33087742799732084,0.3123419322205362,0.35175163771005413,15.837481546401978,500000.0,26.5,0.0,0.0,0.0,0.0,0.0,0.1286189204074659,0.0,3.0276503540974917
